DATE      ,Tmin (F),Tmax (F),Tmean (F),Precip (in),Sr (lang),Tdew (F),Uz (mph)
1/1/2015,0.11,31.58,15.69,0,224.76,1.26,1.42
1/2/2015,3.24,37.4,18.82,0,222.96,2.56,0.99
1/3/2015,7.11,45.29,24.37,0,218.61,6.98,1.21
1/4/2015,15.26,52.3,30.21,0,146.6,14.07,1.21
1/5/2015,19.35,54.27,33.23,0,165.65,18.89,1.62
1/6/2015,20.52,54.65,35.58,0,215.23,22.12,1.25
1/7/2015,19.17,56.61,35.15,0,225.35,23.96,1.27
1/8/2015,17.76,55.26,34.22,0,218.47,24.87,1.4
1/9/2015,19.05,50.15,35.28,0,168.71,27.29,0.94
1/10/2015,32.71,56.25,41.8,0,150.05,30.69,1.45
1/11/2015,26.55,59.84,43.2,0,204,29.83,2.04
1/12/2015,34.2,52.72,43.27,0,124.58,33.23,2.88
1/13/2015,17.5,48.13,33.41,0,213.51,25,2.58
1/14/2015,12.18,46.42,28.54,0,245.58,20.67,1.42
1/15/2015,14.34,49.13,31.82,0,224.76,21.35,1.62
1/16/2015,25.73,55.79,40.17,0,122.47,22.61,2.19
1/17/2015,29.08,62.16,44.76,0,211.06,27.88,1.78
1/18/2015,31.35,66.33,45.96,0,219.8,26.95,2.21
1/19/2015,27.57,60.49,46.23,0,253.02,32.66,3.04
1/20/2015,21.54,47.58,34.64,0,210.29,21.89,3.37
1/21/2015,13.28,45.87,29.55,0,266.43,16.42,1.75
1/22/2015,11.39,46.55,28.96,0,222.22,14.02,1.49
1/23/2015,13.48,51.15,31.2,0,267.65,14.03,1.34
1/24/2015,16.36,55.14,33.58,0,271.82,15.05,1.74
1/25/2015,20.46,57.53,37.23,0,275.46,18.73,1.47
1/26/2015,21,55.02,37.89,0,193.54,22.91,1.28
1/27/2015,36.11,51.06,43.63,0.3,65.63,38.74,4.66
1/28/2015,27.61,53.67,40.02,0,291.46,34.3,1.69
1/29/2015,35.15,52.93,42.18,0,216.74,36.82,2
1/30/2015,33.06,51.09,41.81,0,280.63,34.73,5.7
1/31/2015,20.88,50.88,34.81,0,316.62,24.98,2.24
2/1/2015,18.68,53.83,35.09,0,255.12,24.29,1.65
2/2/2015,25.18,57.53,41.38,0,228.26,30.84,2.38
2/3/2015,29.13,65.11,46.83,0,228.2,34.18,2.3
2/4/2015,31.27,60.22,44.17,0,157.98,30.72,1.41
2/5/2015,31.47,69.85,51.08,0,247.03,25.97,6.02
2/6/2015,43.15,72.61,57.13,0,225.22,23.35,12.52
2/7/2015,34.66,65.51,52.15,0,212.29,37.2,7.63
2/8/2015,27.71,65.78,47.02,0.2,190.48,37.51,4.13
2/9/2015,30.21,60.35,48.19,0,356.09,31.76,9.58
2/10/2015,22.58,53.3,37.9,0,351.19,28.26,2.34
2/11/2015,24.93,57.04,40.09,0,341.73,30.08,2.1
2/12/2015,25.53,64.31,43.88,0,357.47,30.08,1.72
2/13/2015,30.37,67.13,46.95,0,366.01,32.52,1.49
2/14/2015,33.55,67.16,46.98,0,279.43,34.78,2.42
2/15/2015,29,60.94,44.23,0,356.81,27.15,2.98
2/16/2015,22.29,58.14,39.82,0,386.06,21.83,3.02
2/17/2015,21.74,62.4,41.35,0,387.99,21.68,1.58
2/18/2015,25.91,68.07,45.3,0,396.42,25.17,1.71
2/19/2015,26.14,67.07,47.16,0,372.86,27.19,2.15
2/20/2015,26.86,58.3,44.09,0,410.29,22.37,3.77
2/21/2015,22.64,55.86,40.56,0,406.25,19.25,5.61
2/22/2015,28.21,47.81,36.52,0,366.6,15.47,11.91
2/23/2015,14.92,44.45,31.42,0,413.28,2.94,6.73
2/24/2015,11.14,55.94,33.3,0,432.39,-0.68,2.03
2/25/2015,18.86,60.76,39.3,0,393.47,6.65,2.44
2/26/2015,26.7,54.77,42.27,0,354.78,19.73,4.39
2/27/2015,29.99,54.41,41.86,0.01,303.65,28.46,3.49
2/28/2015,29.69,43.18,36.31,0.13,161.72,34.04,3.46
3/1/2015,31.84,50.17,39.2,0,379.11,29.48,4.4
3/2/2015,26.51,53.18,38.75,0,349.24,27.81,3.31
3/3/2015,21.66,47.74,38.36,0,422.19,18.75,5.51
3/4/2015,15.55,51.34,33.32,0,472.96,14.42,1.9
3/5/2015,17.15,59.18,37.92,0,479.06,14.71,1.8
3/6/2015,20.65,63.07,41.4,0,484.61,16.01,1.68
3/7/2015,24.02,66.73,44.49,0,478.29,16.32,1.8
3/8/2015,23.57,68.68,47.11,0,475.46,16.44,1.98
3/9/2015,24.36,68.27,46.6,0,499.09,14.22,2.05
3/10/2015,24.11,72.58,49.37,0,417.77,14.06,2.13
3/11/2015,44.15,61.4,54.74,0,151.9,29.84,3.44
3/12/2015,32.54,65.19,50.34,0,471.97,35.03,3.55
3/13/2015,30.29,70.78,51.22,0,497.23,28.45,2.82
3/14/2015,43.26,76.79,60.13,0,365.16,27.14,2.31
3/15/2015,51.12,76.59,64.03,0,232.55,25.35,6.82
3/16/2015,41.27,71.27,56.75,0,294.13,28.44,2.02
3/17/2015,44.58,71.82,57.48,0,391.3,29.85,4.21
3/18/2015,33.75,65.65,51.71,0,521.48,27.43,5.24
3/19/2015,26.97,68.81,48.86,0,549.89,18.4,2.25
3/20/2015,27.79,72.37,52.69,0,414.98,14.44,2.09
3/21/2015,42.86,72,58.75,0,472.08,17.41,5.44
3/22/2015,42.87,69.92,56.25,0,431.18,24.8,6.47
3/23/2015,38.52,64.09,51.01,0,523.09,25.17,9.8
3/24/2015,37.99,61.26,49.94,0,290.97,29.4,5.2
3/25/2015,28.08,64.5,48.12,0,556.63,28.64,2.81
3/26/2015,32.2,73.55,53.67,0,561.71,28.1,2.33
3/27/2015,35.8,82,60.26,0,578.41,27.27,3.55
3/28/2015,34.4,73.7,57.72,0,553.68,18.6,4.28
3/29/2015,28.3,74.23,53.31,0,596.2,9.66,2.91
3/30/2015,33.46,82.4,59.71,0,560.34,16.05,2.66
3/31/2015,42.8,75.98,57.98,0,582.87,16.37,9.28
4/1/2015,23.58,55.72,44.01,0,540.72,13.65,5.59
4/2/2015,31.74,55.54,44.74,0,613.12,14.25,6.08
4/3/2015,17.87,65.9,44.46,0,612.35,4.44,3.03
4/4/2015,31.56,71.17,54.3,0,575.93,11.82,6.97
4/5/2015,37.67,65.38,51.11,0,601.19,16.37,11.56
4/6/2015,33.34,56.58,46,0,543.14,16.2,4.92
4/7/2015,29.78,55.28,44.36,0,272,18.98,7.62
4/8/2015,28.82,57.93,43.71,0,575.61,19.75,5.73
4/9/2015,23.26,64.64,46.28,0,619.31,14.94,3.01
4/10/2015,28.33,70.58,52.24,0,630.6,15.77,4.43
4/11/2015,31.73,69.64,54.01,0,516.58,21.78,4.87
4/12/2015,29.22,69.6,52.49,0,610.12,22.76,2.68
4/13/2015,30.54,83,58.06,0,642.8,13.77,7.71
4/14/2015,28.06,60.6,45.97,0,627.38,16.16,13.04
4/15/2015,19.03,54.99,38.97,0,652.59,7.67,4.35
4/16/2015,20.69,63.05,44.16,0,669.94,9.8,3.09
4/17/2015,26.5,71.83,51.4,0,675.11,10.78,2.62
4/18/2015,31.57,77.65,57.98,0,664.04,14.3,4.99
4/19/2015,34.59,74.96,57.77,0,652.8,9.4,3.97
4/20/2015,29.96,78.86,57.59,0,671.36,10.13,2.55
4/21/2015,37.8,81.7,61.64,0,647.19,21.68,4.69
4/22/2015,43.7,76.27,55,1.46,650,33,99999
4/23/2015,47.99,68.37,56.57,0.14,664.35,44.43,3.55
4/24/2015,48.48,63.24,54.01,0.02,295.9,36.17,8.49
4/25/2015,41.28,56.46,47.69,0.32,448.69,35.66,6.53
4/26/2015,38.55,61.21,49.44,0,662.81,29.77,4.84
4/27/2015,35.55,69.13,53.84,0,700.78,31.4,2.87
4/28/2015,38.01,79.52,60.38,0,694.98,34.04,2.49
4/29/2015,48.05,82.8,66.74,0,702.79,34.57,4.01
4/30/2015,49.32,75.92,62.97,0,677.78,30.05,7.03
5/1/2015,43.48,81.8,65.06,0,706.56,26.4,2.89
5/2/2015,47.9,82.6,68.63,0,682.37,33.74,4.49
5/3/2015,48.63,82.2,67.13,0,700.48,31.98,3.89
5/4/2015,51.89,82,66.78,0,644.93,29.9,6.65
5/5/2015,49.4,78.98,64.89,0,683.56,28.23,6.56
5/6/2015,47.93,69.97,58.29,0,682.08,24.39,8.38
5/7/2015,38.08,60.69,49.69,0.05,446.87,29.72,8.99
5/8/2015,45.59,65.01,51.03,0.26,432.17,39.02,7.53
5/9/2015,39.1,72.66,55.54,0.01,716.9,35.86,3.1
5/10/2015,36.71,76.18,59.44,0,725.21,26.44,2.6
5/11/2015,43.79,77.3,62.2,0,635.12,31.02,7.33
5/12/2015,44.21,72.56,57.44,0,677.73,23.63,9.2
5/13/2015,37.34,67.21,54.1,0,630.17,25.12,5.06
5/14/2015,46.52,56.86,51.19,0,376.2,32.85,6.67
5/15/2015,43.69,49.52,46.77,0.33,133.87,41.18,6.25
5/16/2015,46.76,67.18,55.17,0,480.53,39.64,5.12
5/17/2015,44.65,62.68,52.05,0.29,356.14,45.35,4.89
5/18/2015,46.31,65.03,54.39,0.03,496.7,42.67,3.33
5/19/2015,48.05,67.05,55.86,0,438.69,44.6,4.82
5/20/2015,43.54,70.59,55.79,0.01,594.8,45.24,4.02
5/21/2015,45.38,71.02,55.2,0,524.22,45.69,5.21
5/22/2015,44.28,65.26,55.24,0.3,312.6,47.32,3.35
5/23/2015,50.56,62.44,56.17,0.01,254.18,48.91,4.86
5/24/2015,49.35,73.6,61.15,0,653.5,48.23,3.63
5/25/2015,47.38,76.3,61.73,0,494.35,47.52,3.11
5/26/2015,45.24,79.75,64.69,0.01,715.13,46.19,2.76
5/27/2015,52.5,82.1,69.44,0,740.84,41.03,4.07
5/28/2015,49.31,83.3,69.23,0,719.16,39.09,2.93
5/29/2015,48.28,88,71.38,0,705.9,39.62,2.64
5/30/2015,52.62,91,73.63,0,605.9,36.25,2.57
5/31/2015,50.78,93.8,74.52,0,709.44,35.24,4.39
6/1/2015,50.69,84.7,70.54,0,770.93,30.2,7.09
6/2/2015,44.05,78.71,65.22,0,774.08,33.34,3.66
6/3/2015,51.2,79.87,67.16,0,698.48,34.6,5
6/4/2015,53.12,66.9,57.27,0.27,264.74,48.74,5.75
6/5/2015,46.12,77.94,61.68,0,663.34,46.68,4.33
6/6/2015,46.72,80.4,61.79,0.08,569.87,47.43,4.11
6/7/2015,50.57,84.6,68.48,0,742.88,48.41,2.7
6/8/2015,49.68,90.5,73.31,0,760.96,44.36,2.36
6/9/2015,53.14,93.8,76.73,0.27,675.03,44.69,4.01
6/10/2015,57.85,78.36,65.09,1.03,533.7,58.1,6.27
6/11/2015,55.32,82.9,68.67,0,746.8,57.41,3.27
6/12/2015,52.25,90.4,72.04,0,763.71,46.8,2.24
6/13/2015,55.48,92.1,75.09,0,740.06,45.44,2.77
6/14/2015,52.22,92.7,76.49,0,768.99,37.35,3.9
6/15/2015,49.37,93,74.77,0,797.03,28.27,3.8
6/16/2015,49.43,91.5,74.35,0,779.31,32.05,2.74
6/17/2015,55.08,94.5,75.52,0,730.21,32.86,2.92
6/18/2015,51.39,96.4,77.05,0,789.3,28.71,4.9
6/19/2015,50.63,92.7,75.3,0,784.87,21.63,3.19
6/20/2015,49.62,94.8,74.63,0,700.3,27.13,2.87
6/21/2015,52.22,93.8,76.31,0,721.52,22.52,6.78
6/22/2015,45.45,90.7,72.76,0,758.14,23.9,3
6/23/2015,52.79,93.7,76.39,0,783.35,31.53,2.95
6/24/2015,54.66,98.4,79.42,0,768.94,32.34,2.72
6/25/2015,56.12,100.5,81.59,0,710.65,34.38,2.98
6/26/2015,58.63,101.7,82.25,0,682.21,37.81,3.83
6/27/2015,66.91,103,86.5,0,694.17,42.58,4.63
6/28/2015,69.16,96.8,83.54,0,495.04,46.72,5.51
6/29/2015,66.62,101,82.77,0,693,49.25,4.14
6/30/2015,63.5,102.3,84.29,0,725.97,47.01,4.49
7/1/2015,66.65,102.8,85.53,0,674.07,49.84,4.8
7/2/2015,70.51,100.9,85.33,0,644.46,51.47,5.96
7/3/2015,68.62,100,83.4,0,668.58,54.44,5.57
7/4/2015,61.03,91.3,72.07,0.28,244.15,58.84,4.44
7/5/2015,56.58,89.8,72.85,0.01,696,55.05,4.36
7/6/2015,58.22,93.8,75.58,0,658.79,49.91,4.63
7/7/2015,58.53,90.2,70.41,0.05,435.46,53.4,3.46
7/8/2015,53.48,86.2,66.23,0.03,609.41,54.23,4.37
7/9/2015,54.46,80.7,63,0.35,535.76,53.91,3.8
7/10/2015,50.02,78.98,63.19,0.01,545.91,52.27,3.11
7/11/2015,54.52,86.2,69.73,0.12,699.84,48.85,3.3
7/12/2015,56.93,85.9,72.09,0,684.59,49.79,3.42
7/13/2015,62.56,87.5,74.42,0,707.04,46.11,3.7
7/14/2015,54.68,91,74.93,0,728.25,41.36,3.75
7/15/2015,56.88,92.7,76.56,0,745.95,42.71,3.34
7/16/2015,57.59,95.5,79.83,0,738.34,41.64,3.44
7/17/2015,61.54,93.5,78.91,0,693.59,38.65,4.78
7/18/2015,60.77,87.3,72.7,0,635.81,43.29,4.34
7/19/2015,56.82,90.5,76.31,0,670.67,42.45,4.52
7/20/2015,57.74,93.2,76.96,0,630.6,42.38,2.49
7/21/2015,63.72,95.7,78.56,0,585.69,46.25,5.23
7/22/2015,61.27,83.8,71.72,0,382.52,51.68,4.87
7/23/2015,52.86,89.1,70.97,0.01,538.78,49.34,3.45
7/24/2015,57.05,88.8,74.32,0,710.73,37.61,3.8
7/25/2015,52.61,91.4,74.6,0,736.84,33.91,4.17
7/26/2015,52.06,91.6,73.91,0,697.15,33.69,5.81
7/27/2015,51.06,84.2,70.94,0,713.21,33.09,4.39
7/28/2015,45.99,87.3,71.77,0,739.03,24.71,4.27
7/29/2015,48.21,94.3,73.48,0,734.1,25.58,2.54
7/30/2015,52.93,100.9,78.76,0,722.78,29.45,2.44
7/31/2015,62.76,97.9,80.96,0,501.91,38.39,2.38
8/1/2015,64.09,97.9,81.44,0,490.81,43.32,4.98
8/2/2015,66.38,85.3,75.56,0,224.44,49.86,4.3
8/3/2015,53.33,95.6,77.62,0,691.71,43.76,4.15
8/4/2015,58.34,93,77.32,0,560.17,40.27,4.05
8/5/2015,58.32,91.1,76.43,0,720.53,35.21,5.52
8/6/2015,53.7,87.6,73.67,0,429.99,38.55,2.67
8/7/2015,55.66,78.14,65.33,0.17,277.94,48.71,5.97
8/8/2015,48.79,84.5,66.71,0,655.73,48.29,1.99
8/9/2015,51.84,91.4,73.25,0,657.22,44.45,3.46
8/10/2015,53.84,92.6,75.5,0,685.95,37.52,3.62
8/11/2015,50.53,95.1,75.11,0,697.41,34.17,3.89
8/12/2015,55.26,96.4,76.89,0,703.89,33.08,3.49
8/13/2015,53.39,100.5,79.41,0,671.38,36.14,5.12
8/14/2015,55.33,98.6,79.75,0,662.11,37.62,4.92
8/15/2015,49.79,93,73.52,0,631.2,29.34,2.46
8/16/2015,53.35,96.1,75.63,0,588.69,30.59,2.19
8/17/2015,52.37,97.1,76.76,0,687.28,24.83,2.84
8/18/2015,52.37,96.6,76.06,0,670.02,27.74,2.48
8/19/2015,53.05,97.4,77.06,0,622.31,30.24,2.54
8/20/2015,56.61,97.6,78.16,0,592.33,28.11,3.4
8/21/2015,54.66,94.2,76.17,0,566.73,31.11,3.49
8/22/2015,52.49,94.3,75.9,0,621.32,32.25,3.2
8/23/2015,51.7,96,76.4,0,606.31,34.15,2.54
8/24/2015,51.44,95,76.94,0,578.04,35.2,2.67
8/25/2015,50.29,95.1,75.7,0,626.64,30.99,2.56
8/26/2015,51.85,94.7,76.35,0,602.06,32.03,4.02
8/27/2015,56.74,94,77.63,0,603.88,38.18,2.4
8/28/2015,55.17,91.2,75.66,0,465.48,40.68,1.94
8/29/2015,55.66,93.5,76.18,0,567.41,40.88,8.69
8/30/2015,49.47,87.1,71.62,0,591.75,36.31,3.36
8/31/2015,43.94,89.2,68.54,0,612.29,27.6,2.41
9/1/2015,48.17,92.4,72.73,0,592.25,29.24,2.92
9/2/2015,48.21,90.7,72.03,0,588.76,29.84,4.34
9/3/2015,46.63,86.8,68.98,0,600.89,32.55,5.13
9/4/2015,43.82,82.5,64.4,0,612.36,24.37,6.92
9/5/2015,34.39,70.88,56.28,0,617.82,23.4,3.9
9/6/2015,35.17,78.02,57.73,0,597.3,17.69,2.23
9/7/2015,38.24,84.7,62.4,0,608.03,19.82,1.93
9/8/2015,40.86,89,65.33,0,581.57,21.36,1.92
9/9/2015,44.64,92.7,69.77,0,579.43,25.23,1.81
9/10/2015,48.36,95.4,72.63,0,563.78,30.45,1.88
9/11/2015,49.07,96.3,73.41,0,521.34,29.68,2.16
9/12/2015,50.78,96.8,74.33,0,533.43,29.25,2.03
9/13/2015,58.59,92.4,75.93,0,338.77,35.24,3.3
9/14/2015,61.76,86.3,72.94,0,304.95,42.63,5.24
9/15/2015,53.77,81.6,68.16,0,416.87,39.24,9
9/16/2015,51.89,75.32,63.17,0,461.15,31.14,6.44
9/17/2015,41.51,73.42,59.65,0,557.15,33.98,2.78
9/18/2015,36.88,78.2,57.88,0,555.42,30.06,2.6
9/19/2015,37.02,84.2,61.66,0,553.05,27.47,1.88
9/20/2015,41.78,91.7,66.31,0,546.45,26.86,1.56
9/21/2015,45.5,92.5,68.97,0,537.22,27.24,1.74
9/22/2015,44.25,91,71.44,0,531.72,29.75,3.55
9/23/2015,44.43,87.3,67.92,0,537.89,28.59,2.55
9/24/2015,44.92,91.8,68.17,0,479.36,23.47,2.35
9/25/2015,47.29,93.2,71.51,0,467.13,28.51,2.6
9/26/2015,51.52,91,73.12,0,487.64,39.15,2.46
9/27/2015,51.15,89,70.82,0,445.82,38.38,2.03
9/28/2015,51.46,86.2,67.35,0,405.25,35.58,1.88
9/29/2015,49.22,83.2,65.14,0,299.99,35.84,1.53
9/30/2015,56.67,77.59,66.87,0,150.21,37.07,3.39
10/1/2015,51.55,64.28,57.43,0.18,98.07,51.08,3.61
10/2/2015,47.38,73.75,60.46,0.01,465.65,45.56,4.73
10/3/2015,38.84,78.63,58.73,0,453.67,38.66,4.45
10/4/2015,49.28,67.92,56.58,0.47,334.45,49.32,4.1
10/5/2015,45.14,72.38,57.63,0,451.7,47.29,2.86
10/6/2015,44.83,78.18,60.36,0.01,453.2,46.69,2.12
10/7/2015,45.69,80.8,61.99,0,414.93,45.13,1.38
10/8/2015,51.06,85.5,66.28,0,385.22,45.41,2.12
10/9/2015,50.44,92.4,68.6,0,437.26,44.01,2.39
10/10/2015,50.08,91.6,70.88,0,449.12,37.44,5.46
10/11/2015,45.94,83.5,66.79,0,436.81,30.73,2.57
10/12/2015,41.15,86.3,63.37,0,426.85,34.44,1.55
10/13/2015,44.89,87.4,65.68,0,422.58,35.62,1.52
10/14/2015,46.05,86.5,65.35,0,383.49,37,1.35
10/15/2015,47.5,83.5,66.2,0,298.6,41.54,3.09
10/16/2015,51.22,74.59,63.38,0,201.14,47.25,4.7
10/17/2015,48.42,71.36,59.48,0,211.38,50.19,3.78
10/18/2015,47.13,61.66,53.17,0.24,184.03,49.5,3.34
10/19/2015,39.33,60.75,49.76,0.12,210.33,45.58,2.97
10/20/2015,34.94,63.12,50.56,0,340.64,42.39,3.5
10/21/2015,33.71,63.74,48.48,0,387.55,39.69,1.87
10/22/2015,32.5,65.26,48.27,0,338.75,39.8,1.6
10/23/2015,33.36,69.27,51.49,0,376.24,38.83,1.43
10/24/2015,36.53,71.84,53.54,0,314.86,39.53,1.66
10/25/2015,42.52,72.87,55.28,0,147.49,35.29,3.26
10/26/2015,36.15,78.19,56.32,0,386.15,24.23,2.66
10/27/2015,36.89,69.44,52.93,0,194.32,24.1,1.78
10/28/2015,48.88,63.72,54.42,0.02,199.36,40.5,3.88
10/29/2015,35.24,60.26,48.78,0,280.5,37.01,3.52
10/30/2015,28.15,66.36,46.7,0,328.71,31.55,1.67
10/31/2015,33.36,79.47,57.66,0,345.14,33.13,4.75
11/1/2015,49.83,74.58,62.18,0,155.97,31.28,7.7
11/2/2015,35,50.02,41.17,1.18,40.9,40.61,5.12
11/3/2015,32.07,45.32,40.68,0.06,112.9,31.89,5.33
11/4/2015,25.98,44.58,34.83,0.01,249.59,28.15,4.06
11/5/2015,24.21,48.18,33.96,0,265.99,27.32,1.21
11/6/2015,22.74,52.42,36.47,0,333.44,28.7,1.47
11/7/2015,23.53,54.96,37.46,0,329.72,30.68,1.63
11/8/2015,23.96,62.14,43.8,0,293.23,28.82,3.96
11/9/2015,32.73,52.63,43.76,0.11,256.6,28.88,4.59
11/10/2015,26.88,45.19,36.2,0.42,275.29,30.74,5.34
11/11/2015,22.11,50.32,34.77,0,320.1,25.64,1.77
11/12/2015,20.84,51.2,34.07,0,312.36,25.59,1.23
11/13/2015,21.94,53.04,35.74,0,305.78,28.17,1.06
11/14/2015,23.83,60.79,38.85,0,305.3,29.9,1.27
11/15/2015,24.32,57.91,38.45,0,165.52,26.39,6.99
11/16/2015,21.25,42.21,32.17,0,270.7,16.34,5.76
11/17/2015,20.29,51.52,35.12,0,252.74,19.65,2.06
11/18/2015,24.45,60.24,40.47,0,286.44,28.77,2.43
11/19/2015,24.93,64.75,43.1,0,279.5,29.65,1.92
11/20/2015,28.04,58.7,43.22,0,260.35,32.88,4.49
11/21/2015,23.26,53.19,36.26,0,275.31,22.01,1.86
11/22/2015,20.58,54.87,35.41,0,266.15,22.73,1.39
11/23/2015,27.2,55.69,37.82,0,185.03,26.65,1.36
11/24/2015,29.31,61.06,42.58,0,220.75,24.9,8.47
11/25/2015,18.79,38.36,27.62,0,156.57,22.01,3.48
11/26/2015,23.84,35.62,28.54,0,106.92,20.58,5.36
11/27/2015,12.98,36.09,25.41,0,269.05,13.29,4.17
11/28/2015,7.23,35.86,20.95,0,268.25,8.87,1.49
11/29/2015,9.82,40.22,23.08,0,268.72,11.84,1.3
11/30/2015,7.54,44.09,25.11,0,251.02,14.29,1.73
12/1/2015,14.28,47.05,28.73,0,252.7,16.97,1.38
12/2/2015,18.75,49.43,33.59,0,147.85,20.86,1.56
12/3/2015,24.51,64.02,43.19,0,188.16,22.52,8.11
12/4/2015,22.96,53.48,38.14,0,250.59,21.16,3.98
12/5/2015,16.11,42.03,29.49,0,148.72,21.57,1.42
12/6/2015,21.74,59.23,39.56,0,213.09,18.26,3.2
12/7/2015,32.29,55.42,44.41,0,96.84,22.63,3.23
12/8/2015,32.26,61.63,44.03,0,167.1,31.26,1.57
12/9/2015,28.53,66.96,46.79,0,130.07,33.25,4.12
12/10/2015,29.92,60.17,46.32,0,149.85,28.94,10.7
12/11/2015,22.88,46.06,35.26,0,160.76,24.53,3.63
12/12/2015,23.45,47.16,37.64,0,186.41,23.91,4.1
12/13/2015,33.4,60.48,41.65,0,161.11,25.69,11.28
12/14/2015,17.88,38.28,31.25,0,166.92,17.34,8.01
12/15/2015,15.5,38.92,25.08,0,202.36,14.96,2.99
12/16/2015,12.32,43.44,25.93,0,207.85,13.51,1.4
12/17/2015,20.6,46.14,33.8,0,116.93,20.01,1.81
12/18/2015,17.15,60.36,38.37,0,244.54,19.59,4.2
12/19/2015,32.01,49.91,41.66,0,128.12,23.8,4.66
12/20/2015,22.22,46.8,34.99,0,129.63,28.13,3.58
12/21/2015,30.68,54.84,45.36,0,49.61,32.74,6.91
12/22/2015,36.16,60.98,50.11,0,198.4,33.53,8.9
12/23/2015,19.4,46.23,36.88,0,174.56,18.69,5.35
12/24/2015,16.27,42.56,28.47,0.02,114.84,20.79,4.7
12/25/2015,14.32,37.89,27.3,0.01,189.57,17.58,6.05
12/26/2015,8.26,33.06,20.95,0,248.47,13.6,2.88
12/27/2015,12.08,30.6,22.44,0,181.06,13.27,3.36
12/28/2015,19.8,31.64,25.36,0,88.43,23.74,1.63
12/29/2015,15.75,35.51,26.34,0.02,165.28,23.83,1.52
12/30/2015,13.85,36.35,24.21,0,139.23,21.77,2.71
12/31/2015,8.02,28.16,18.82,0,133.31,15.42,2.89
1/1/2016,1.27,25.54,12.37,0,243.19,5.8,1.5
1/2/2016,1.04,22.58,14.37,0,136.87,6.58,1.85
1/3/2016,19.39,33.96,25.08,0,153.86,14.6,1.55
1/4/2016,14.52,43.69,29.47,0,203.54,22.06,1.4
1/5/2016,19.49,48.12,35.68,0,99.4,31.05,4.39
1/6/2016,19.04,38.68,29.3,0,95.29,29.22,2.13
1/7/2016,25.86,42.6,32.84,0.02,119.64,31.42,2.34
1/8/2016,22.11,44.5,31.92,0,166.45,25.82,1.8
1/9/2016,26.24,42.09,32.22,0,218.13,27.3,2.69
1/10/2016,21.74,41.6,32.52,0,133.64,30.74,1.55
1/11/2016,18.55,41.07,28.03,0,200.04,25.21,2.64
1/12/2016,14.22,42.71,28.17,0,246.59,23.28,2.27
1/13/2016,22.98,53.92,37.43,0,219.47,26.23,7.38
1/14/2016,17.69,45.05,33.44,0,148.56,25.27,2.58
1/15/2016,28.24,47.95,37.83,0.13,277.09,31.11,3.52
1/16/2016,29.37,60,42.62,0,215.02,32.3,4.64
1/17/2016,24.38,54.41,38.73,0,125.2,29.49,3.03
1/18/2016,35.62,51.06,41.95,0.15,179.35,37.56,4.97
1/19/2016,32.57,56.47,42.5,0.04,133.19,34.91,6.33
1/20/2016,30.01,56.37,40.73,0,269.91,24.51,2.37
1/21/2016,27.93,54.27,41.22,0,231.26,27.37,3.34
1/22/2016,38.03,54.09,45.77,0,123.26,26.62,6.55
1/23/2016,36.78,55.95,46.26,0,271.7,25.2,7.81
1/24/2016,27.72,48.85,39.43,0,209.34,28.92,2.29
1/25/2016,23.45,50.04,35.05,0,215.64,27.76,1.87
1/26/2016,19.12,48.69,33.22,0,305.27,26.11,1.94
1/27/2016,22.73,49.12,34.65,0,237,28.67,1.75
1/28/2016,19.18,54.31,38.26,0,198.4,27.71,2.43
1/29/2016,36.8,67.74,52.39,0,129.91,36.43,8.52
1/30/2016,29.69,52.07,35.05,0.35,168.13,33.92,4.45
1/31/2016,27.02,32.96,31.01,0.16,135.31,30.03,7.42
2/1/2016,11.88,31.19,23.88,0,320.73,16.12,5.53
2/2/2016,9.31,32.03,18.57,0,237.23,15.78,1.77
2/3/2016,8.65,30.96,22.13,0,265.23,19.25,2.5
2/4/2016,16.49,40.32,26.91,0,315.78,23.57,1.7
2/5/2016,15.88,43.75,27.94,0,318.24,25.25,1.58
2/6/2016,21.03,45.71,31.43,0,302.25,27.9,1.45
2/7/2016,22.56,50.64,34.32,0,313.05,31.12,1.55
2/8/2016,25.19,53.79,36.97,0,318.79,32.67,1.59
2/9/2016,25.49,56.53,39.02,0,322.13,33.99,1.21
2/10/2016,27.75,59.19,41.25,0,298.72,35.95,1.33
2/11/2016,28.3,59.99,41.19,0,264.62,35.73,1.51
2/12/2016,29.58,61.52,43.17,0,264.48,36.74,1.34
2/13/2016,29.08,65.2,45.61,0,331.42,32.84,1.9
2/14/2016,31.71,63.57,47.81,0,262.89,37.12,3.17
2/15/2016,33.91,63.82,46.77,0,278.95,39.38,2.1
2/16/2016,27.85,70.22,48.85,0,343.17,35.58,2.19
2/17/2016,36.41,66.52,52.46,0,178.66,33.54,7.87
2/18/2016,32.93,53.79,42.62,0.03,383.61,27.96,9.03
2/19/2016,22.36,63.86,42.71,0,392.77,23.21,4.87
2/20/2016,27.17,57.41,44.56,0,355.3,29.08,2.8
2/21/2016,25.04,62.16,44.65,0,377.13,27.53,2.48
2/22/2016,27.53,59.49,44.33,0,415.28,20.31,4.29
2/23/2016,19.83,52.44,37.47,0,349.26,18.11,2.15
2/24/2016,23.22,63.82,42.65,0,397.71,22.77,1.58
2/25/2016,27.01,67.53,46.21,0,414.69,25.97,1.55
2/26/2016,29.39,70.53,49.5,0,327.02,27.19,2.35
2/27/2016,35.21,64.4,50.45,0,353.19,27.26,3.24
2/28/2016,31.35,64.25,48.53,0,271.96,26.73,2.51
2/29/2016,28.69,65.41,49.68,0,419.21,24.1,2.38
3/1/2016,38.62,73.2,54.63,0,334.44,25.44,5.73
3/2/2016,29.18,71.47,51.24,0,404.02,23.19,2.46
3/3/2016,34.08,69.25,54.27,0,247.15,23.7,3.92
3/4/2016,32.6,66.76,51.02,0.02,277.33,35.8,2.64
3/5/2016,36.84,70.17,54.44,0.01,354.8,39.2,5.89
3/6/2016,39.95,59.22,48.14,0,405.35,25.54,12.14
3/7/2016,37.03,45.5,41.24,0.02,128.9,32.58,4.34
3/8/2016,37.42,55.88,44.84,0,349.92,33.99,4.51
3/9/2016,33.47,67.11,50.39,0,382.23,33.45,4.32
3/10/2016,43.94,74.82,58.66,0,391.95,30.98,9.96
3/11/2016,37.32,66.52,50.09,0.17,214.51,34.49,7.14
3/12/2016,28.09,63.58,46.69,0,462.38,26.57,7.32
3/13/2016,47.1,61.06,53.48,0,288.31,28.57,11.85
3/14/2016,35.29,58.97,48.86,0,522.91,23.14,10.1
3/15/2016,22.52,58.35,42.3,0,436.62,22.4,2.44
3/16/2016,25.1,60.98,43.89,0,508.06,24.59,2.69
3/17/2016,27.37,66.12,47.28,0,517.29,24.18,2.02
3/18/2016,28.22,70.99,49.59,0,514.46,23.01,2.32
3/19/2016,30.97,73.52,51.9,0,446.83,25.01,1.82
3/20/2016,32.73,73.56,53.59,0,458.74,26.65,5.23
3/21/2016,42.01,70.5,55.73,0,514.57,28.8,12.2
3/22/2016,29.53,51.7,42.38,0,431.49,21.96,9
3/23/2016,20.2,57.38,40.44,0,532.82,19.31,2.23
3/24/2016,27,66.12,48.26,0,483.24,20.8,4.56
3/25/2016,31,64.34,50,0,523,18.04,6.36
3/26/2016,24.82,60.41,45.34,0,539.92,15.35,3.83
3/27/2016,31.1,71.02,52.16,0,471.96,23.17,7.49
3/28/2016,31.77,49.16,36.53,0.11,218.79,32.27,9.04
3/29/2016,28.67,45.87,36.4,0.04,377.34,27.84,6.43
3/30/2016,31.79,54.05,41.58,0,378.78,36.01,2.68
3/31/2016,28.48,66.54,47.92,0,569.33,34.2,3.34
4/1/2016,31.65,69.62,51.53,0,581.93,33.66,2.5
4/2/2016,32.92,74.71,56.43,0,580.27,34.08,2.91
4/3/2016,41.66,76.18,59.96,0,558.46,38.77,3.58
4/4/2016,39.98,75.2,60.43,0,586.62,29.41,4.97
4/5/2016,32.22,67.74,53.25,0,606.39,19.58,4.65
4/6/2016,31.01,74.38,54.22,0,610.27,28.89,2.51
4/7/2016,36.53,78.88,59.03,0,529.93,31.91,2.15
4/8/2016,41.15,76.67,62.62,0,416.97,32.37,4.36
4/9/2016,48.85,67.37,57.1,0.12,284.27,43.87,6.94
4/10/2016,47.84,66.76,54.79,0.01,462.59,48.05,4.96
4/11/2016,47.1,70.77,57.49,0,486.97,46.88,4.64
4/12/2016,45.2,72.3,58.58,0,515.61,41.23,5.22
4/13/2016,40.29,71.96,56.47,0,560.74,31.39,7.01
4/14/2016,43.01,60.79,50.72,0,585.02,19.77,11.41
4/15/2016,34.07,58.67,47.29,0,592.94,22.56,7.35
4/16/2016,27.48,65.93,48.01,0,667.9,22,2.81
4/17/2016,30.66,73.59,54.15,0,671.14,21.36,2.63
4/18/2016,33.77,76.73,57.14,0,672.37,23.79,2.32
4/19/2016,36.23,78.67,59.01,0,646.77,24.91,2.03
4/20/2016,41.42,80.7,62.55,0,588.69,29.19,3.77
4/21/2016,41.08,80.9,62.2,0,586.26,28.55,5.74
4/22/2016,40.53,71.08,55.45,0,333.96,29.74,11.68
4/23/2016,37.88,66.12,51.94,0,618.5,27.85,7.99
4/24/2016,40.44,64.07,50.94,0.03,405.71,34.11,4.73
4/25/2016,39.11,56.25,45.43,0,417.32,30.82,9.49
4/26/2016,33.24,60.63,49.62,0,607.64,24.54,4.88
4/27/2016,40.14,61.22,49.62,0,440.83,36.38,4.62
4/28/2016,39.58,62.52,50.55,0.01,323.37,35.6,5.74
4/29/2016,36.03,67.04,51.65,0,474.23,32.9,6.32
4/30/2016,41.6,63.05,51.26,0,377.57,33.48,6.6
5/1/2016,36.77,68,53.74,0,622.59,34.02,3.77
5/2/2016,36.16,74.71,58.06,0,713.49,34.64,2.99
5/3/2016,40.9,78.75,63.68,0,621.67,31.99,4.91
5/4/2016,47.08,78.92,64.14,0,453.26,35.32,4.66
5/5/2016,49.46,73.73,59.89,0,471.31,39.71,8.25
5/6/2016,43.66,64.68,53.06,0.03,482.44,42.5,4.73
5/7/2016,46.55,61.82,52.19,0.21,331.82,48.98,3.26
5/8/2016,47.41,68.79,57.63,0.44,350.98,99999,3.74
5/9/2016,50.81,73.4,62.28,0.01,711.88,44.57,7.52
5/10/2016,44.09,68.64,57.27,0,751.83,25.96,6.19
5/11/2016,34.55,74.89,57.65,0,750.54,30.31,2.81
5/12/2016,40.01,86.2,65.83,0,735.67,38.76,2.88
5/13/2016,47.93,88,70.58,0,708.5,43.74,3.42
5/14/2016,53.65,80.5,65.96,0,552.9,39.28,7.95
5/15/2016,42.9,72.18,58.82,0,579.78,37.15,5.79
5/16/2016,44.27,66.5,57.34,0,533.19,38.95,6.36
5/17/2016,39.74,74.46,60.06,0,736.63,39.49,4.39
5/18/2016,42.8,82.3,64.71,0,744.7,39.12,2.65
5/19/2016,50.25,80.6,66.86,0,522.7,33.8,11.07
5/20/2016,42.73,65.04,56.25,0,755.83,23.52,11.95
5/21/2016,34.44,63.79,49.66,0,592.5,26.37,6.23
5/22/2016,32.48,67.37,52.16,0,719.17,29.98,4.69
5/23/2016,37.2,66.19,54.47,0,598.11,31.19,4.88
5/24/2016,48.33,67.05,55.67,0.21,419.69,42.17,7.21
5/25/2016,47.1,69.86,56.98,0.01,551.77,44.72,4.86
5/26/2016,47.53,73.74,59.99,0.02,725.03,99999,3.35
5/27/2016,46.76,78.42,64.82,0,739.55,36.41,4.69
5/28/2016,43.57,78.37,63.48,0,719.57,32.69,4.99
5/29/2016,46.22,85.2,68.57,0,743.83,38.66,3.86
5/30/2016,48.63,85,71.15,0,766.56,34.8,3.91
5/31/2016,47.9,87.2,71.01,0,759.25,32.91,3.14
6/1/2016,47.31,95.3,73.72,0,751.16,33.77,5.13
6/2/2016,49,93.3,73.92,0,786.74,28.6,3.94
6/3/2016,51.51,94.9,75.21,0,785.81,32.53,2.85
6/4/2016,53.26,97.5,78.09,0,697.8,35.91,3.23
6/5/2016,60.25,91.3,78.63,0,643.27,38.47,6.88
6/6/2016,51.49,92.2,74.48,0,760,43.85,3.03
6/7/2016,62.98,95.9,81.38,0,737.2,48.21,5.32
6/8/2016,54.28,98.2,78.52,0,724.85,36.73,7.52
6/9/2016,49.78,92.1,73.81,0,778.66,32.69,5.67
6/10/2016,48.88,90.1,70.68,0,703.82,35.22,6.44
6/11/2016,53.97,75.01,65.67,0,557.8,32.76,4.88
6/12/2016,55.53,72.26,64.9,0,413.72,38.35,6.05
6/13/2016,49.09,85.6,68.49,0,776.8,38.55,6.45
6/14/2016,54.09,81.5,69.34,0,680.26,28.04,8.67
6/15/2016,47.53,74.96,61.35,0,522.26,31.1,9.06
6/16/2016,37.47,75.67,58.9,0,775.28,26.44,4.1
6/17/2016,45.5,80.8,65.74,0,779.83,34.84,4.55
6/18/2016,48.1,83.5,69.78,0,726.88,38.32,7.35
6/19/2016,49.8,87.9,68.91,0,768.94,33.39,3.76
6/20/2016,51.46,99.7,77.07,0,676.86,36.37,4.5
6/21/2016,51.98,95.4,78.69,0,806.04,29.15,3.5
6/22/2016,55.53,95.3,77.34,0,810.99,33.28,5.92
6/23/2016,50.16,91.5,75.33,0,800.29,30.06,7.17
6/24/2016,51.45,88.2,73.64,0,793.5,33.12,4.91
6/25/2016,48.2,89.1,71.54,0,807.93,28.85,3.25
6/26/2016,51.95,97.3,77.76,0,797.7,33.91,3.18
6/27/2016,57.85,99.6,81.5,0,789.5,37.55,3.89
6/28/2016,60.66,100.5,82.4,0,762.01,40.34,3.94
6/29/2016,63.01,99.7,84.17,0,758.4,40.51,4.51
6/30/2016,57.89,98,81.24,0,773.99,37.96,4
7/1/2016,59.69,97.8,80.25,0,742.31,39.57,4.2
7/2/2016,63.31,96.2,80.1,0,716.42,44.21,4.71
7/3/2016,57.11,95.6,79.15,0,760.74,41.1,3.81
7/4/2016,56.57,95.6,78.17,0,773.38,34.38,4.91
7/5/2016,54.24,93.2,77.07,0,780.8,33.95,5.59
7/6/2016,53.13,91.6,76.17,0,777.02,33.98,4.67
7/7/2016,52.65,92.7,75.66,0,775.44,38.9,4.14
7/8/2016,54.19,92.1,75.23,0,750.47,40.56,4.99
7/9/2016,53.39,90.8,74.39,0,771.06,43.04,8.17
7/10/2016,57.63,82.3,70.06,0,789.86,31.9,7.33
7/11/2016,46.38,82.3,65.33,0,786.11,32.16,3.28
7/12/2016,46.76,90.5,72.16,0,781.93,32.19,3.46
7/13/2016,54.34,93.4,74.76,0,784.86,33.75,3.12
7/14/2016,50.6,97.4,78.03,0,782.21,34.14,3.09
7/15/2016,54.43,96.4,79.44,0,687.21,34.53,4.77
7/16/2016,56.38,94.9,78.14,0,770.63,34.62,4.26
7/17/2016,50.84,95.6,76.08,0,770.57,30.36,4.82
7/18/2016,49.67,93.7,75.72,0,777.29,29.73,5.45
7/19/2016,45.87,91,73.57,0,774.18,32.65,3.68
7/20/2016,49.92,92.9,74.93,0,771.24,35.56,2.88
7/21/2016,54.15,96.5,77.33,0,783.16,37.7,4.14
7/22/2016,50.11,95.7,76.55,0,771.5,32.25,3.2
7/23/2016,53,93.8,75.87,0,769.65,31.67,3.49
7/24/2016,51.25,97,76.71,0,766.57,34.54,2.59
7/25/2016,54,97.7,80.59,0,742.18,32.31,3.77
7/26/2016,55.4,100.8,79.79,0,738,40.6,2.39
7/27/2016,56.09,103.4,82.87,0,739.5,36.48,2.76
7/28/2016,60.47,103.6,85.28,0,717.89,41.84,3.14
7/29/2016,67.11,103.4,86.04,0,626.37,47.2,4.41
7/30/2016,61.72,101.8,83.62,0,697.26,48.11,4.59
7/31/2016,58.84,99.3,81.22,0,691.89,44.31,3.8
8/1/2016,54.96,97.9,78.94,0,713.29,40.31,2.5
8/2/2016,56.12,99.5,79.62,0,701.33,36.95,3.15
8/3/2016,58.81,93.9,78.27,0,726.72,29.19,3.78
8/4/2016,51.02,96.2,74.58,0,631.71,31.31,2.24
8/5/2016,53.17,94.2,75.99,0,692.64,29.89,4.24
8/6/2016,46.3,91,72.49,0,736.93,24.92,3.48
8/7/2016,50.53,87.7,72.72,0,710.8,30.16,3.57
8/8/2016,49.08,91.9,72.41,0,711.64,32.2,4.04
8/9/2016,46.25,85.9,70.25,0,710.84,34.95,3.23
8/10/2016,52.37,87.6,72.67,0,695.98,35.14,3.37
8/11/2016,49.01,91.8,71.77,0,703.43,35.2,1.99
8/12/2016,50.48,96.2,74.64,0,693.7,37.64,2.08
8/13/2016,53.11,98,77.02,0,694.85,38.26,2.08
8/14/2016,57.57,100.2,79.91,0,683.38,37.35,3.75
8/15/2016,53.03,95.9,76.14,0,680.51,38.83,2.43
8/16/2016,53.97,98.5,79,0,643.57,36.84,2.83
8/17/2016,54.49,98.5,79.45,0,658.53,38.62,2.77
8/18/2016,58.39,97.1,79.23,0,645.38,40.56,2.72
8/19/2016,56.45,97.8,78.47,0,635.13,40.01,3.22
8/20/2016,50.45,97.3,77.56,0,648.65,38.7,2.32
8/21/2016,57.97,97.3,80.59,0,529.04,41.59,4.63
8/22/2016,61.72,92.4,77.15,0,390.52,41.5,3.72
8/23/2016,54.58,93.8,75.49,0,578.66,40.3,4.57
8/24/2016,49.06,90.3,71.92,0,659.96,33.52,2.7
8/25/2016,48.7,86.1,70.47,0,650.89,30.95,2.97
8/26/2016,45.11,90.2,69.6,0,635.54,33.68,2.03
8/27/2016,53.73,93.2,73.92,0,627.22,35.1,2.92
8/28/2016,49.92,92.5,73.35,0,603.69,35.93,2.63
8/29/2016,47.98,95.1,72.85,0,558.44,36.79,1.69
8/30/2016,54.04,96.4,75.49,0,592.28,35.95,2.9
8/31/2016,52.44,93.3,74.27,0,534.99,38.97,2.94
9/1/2016,49.8,89.9,71.89,0,591.27,36.83,2.88
9/2/2016,42.41,86.5,67.82,0,586.66,36.01,2.68
9/3/2016,52.66,82.2,68.46,0,471.57,37.3,3.37
9/4/2016,48.7,74.16,63.39,0,611.33,31.75,5.43
9/5/2016,37,76.43,57.67,0,615.22,32.04,2.23
9/6/2016,37.19,84.1,62.57,0,594.85,31.02,2.34
9/7/2016,43.6,86.1,64.53,0,598.68,38.52,2.21
9/8/2016,43.72,88.3,66.99,0,586.72,39.14,1.87
9/9/2016,44.55,85.9,68.04,0,581.49,30.67,3.9
9/10/2016,42.43,89.1,66.54,0,570.65,30.89,1.66
9/11/2016,48.3,92,71.92,0,521.55,36.68,3.15
9/12/2016,43.99,78.12,65.64,0,571.98,32.12,5.25
9/13/2016,44.21,62.28,54.55,0.07,247.3,40.24,5.9
9/14/2016,34.57,75.18,55.39,0,566.22,36.98,2.25
9/15/2016,36.04,78.32,57.59,0,565.6,33.23,1.91
9/16/2016,38.38,79.59,59.33,0,567.92,29.86,1.83
9/17/2016,38.74,86.7,62.65,0,554.05,31.63,1.7
9/18/2016,47.28,90.8,69.01,0,544.26,35.31,2.08
9/19/2016,44.92,91.8,71.37,0,524.05,35.5,3.58
9/20/2016,45.6,90.5,69.89,0,459.47,36.8,3.21
9/21/2016,55.54,77.37,66.78,0,169.41,41.3,5.91
9/22/2016,34.76,62.32,52.26,0,493.02,28.58,6.51
9/23/2016,37.93,69.68,54.64,0,495.32,32.6,3.27
9/24/2016,39.16,74.49,57.11,0,519.22,37.91,2.38
9/25/2016,36.04,80.5,58.78,0,518.47,33.11,2.1
9/26/2016,40.04,84.3,61.92,0,510.7,35.82,1.72
9/27/2016,41.54,90,64.74,0,508.14,37.23,1.32
9/28/2016,43.73,90.6,68.06,0,500.93,36.27,2.34
9/29/2016,52.58,86.7,70.39,0,454.57,39.29,3.52
9/30/2016,44.25,85.7,66.83,0,485.19,36.45,3.96
10/1/2016,43.42,75.3,60.46,0,488.56,30.98,3.32
10/2/2016,33.03,69.89,50,0,461.85,25.57,5.55
10/3/2016,32.42,61.85,48.48,0,381.64,31.33,3.92
10/4/2016,31.64,64.2,48.01,0,431.1,33.44,2.36
10/5/2016,30.24,63.55,46.72,0,440.86,27.86,2.88
10/6/2016,28.11,68.66,47.69,0,463.19,27.23,1.76
10/7/2016,28.66,74.65,51.16,0,455.43,26.45,1.52
10/8/2016,32.75,80.7,55.47,0,457.92,25.51,1.4
10/9/2016,35.37,83.6,59.06,0,455.12,25.36,1.93
10/10/2016,38.18,80.1,57.97,0,362.89,27.65,1.66
10/11/2016,32.67,77.22,55.13,0,442.31,26.73,1.74
10/12/2016,36.35,76.07,53.75,0,423.86,28.23,1.34
10/13/2016,35.98,71.58,56.29,0,207.94,27.26,1.91
10/14/2016,49.64,77.16,64.44,0,202.32,34.13,9.45
10/15/2016,40.37,78.65,58.7,0.01,383.5,39.53,8.09
10/16/2016,43.5,63.61,49.94,0.81,115.39,47.88,2.98
10/17/2016,39.58,62.74,50.41,0.04,393.88,38.85,3.95
10/18/2016,30.98,61.06,45.88,0,414.81,34.7,2.8
10/19/2016,29.33,59.53,43.87,0,383.5,99999,1.53
10/20/2016,29.52,67.28,46.61,0,403.03,99999,1.32
10/21/2016,32.02,72.35,50.33,0,396.63,99999,1.21
10/22/2016,34.77,74.54,53.54,0,378.43,99999,1.81
10/23/2016,37.02,75.32,54.33,0,364.45,99999,1.94
10/24/2016,50.79,76.57,63.14,0,291.08,99999,8.1
10/25/2016,37.98,74.71,56.36,0,333.21,99999,2.76
10/26/2016,41.92,80.1,60.57,0,369.48,99999,4.28
10/27/2016,40.19,75.87,56.48,0.01,223.58,99999,3.84
10/28/2016,44.21,63.75,54.28,0.45,157.59,99999,2.12
10/29/2016,41.36,67.47,52.74,0,324.22,99999,2.44
10/30/2016,35.86,66.77,48.2,0.1,192.3,99999,4.18
10/31/2016,29.2,59.28,44.89,0,318.98,99999,2
11/1/2016,35.43,58.54,45.58,0,322.18,99999,2.33
11/2/2016,27.67,59.71,42.86,0,344.3,99999,1.79
11/3/2016,27.37,62.25,43.47,0,343.14,99999,1.53
11/4/2016,29.09,64.59,44.44,0,307.1,99999,1.25
11/5/2016,29.52,69.83,46.33,0,322.9,99999,1.32
11/6/2016,35.64,68.16,49.47,0,227.3,99999,1.53
11/7/2016,35.67,69.8,50.37,0,308.93,99999,1.69
11/8/2016,33.06,71.4,49.61,0,310,99999,1.48
11/9/2016,33.55,74.09,50.6,0,308.88,99999,1.57
11/10/2016,32.81,71.39,49.51,0,301.77,99999,1.25
11/11/2016,32.51,73.11,50.26,0,291.27,99999,1.52
11/12/2016,36.15,73.94,53.43,0,270.94,99999,2.31
11/13/2016,30.54,71.33,47.62,0,302.14,99999,1.54
11/14/2016,30.13,73.66,47.39,0,305.36,99999,1.23
11/15/2016,24.49,76.55,51.58,0,299.95,99999,4.3
11/16/2016,26.56,55.88,42.95,0,208.41,99999,6.3
11/17/2016,16.52,48.25,31.83,0,296.25,99999,1.92
11/18/2016,17.84,58.98,39.19,0,288.43,99999,4.02
11/19/2016,37.12,69.8,52.76,0,286.43,99999,7.2
11/20/2016,25.21,60.7,44.13,0,226.64,99999,3.71
11/21/2016,29.07,52.66,43.33,0.25,166.17,99999,3
11/22/2016,25.91,51.76,37.29,0,239.05,99999,1.67
11/23/2016,22.48,50.35,36.94,0.01,219.91,99999,3.91
11/24/2016,19.8,50.11,31.83,0,259.16,99999,1.73
11/25/2016,21.07,52.52,33.76,0,236.56,99999,2.1
11/26/2016,17.91,60.15,38.88,0,249.33,99999,6.55
11/27/2016,32.69,45.47,37.37,0,188.54,99999,5.08
11/28/2016,30.93,47.96,39.52,0,153.11,99999,6.44
11/29/2016,19.23,46.85,31.39,0,261.97,99999,1.71
11/30/2016,17.04,46.02,31.68,0,171.49,99999,1.93
12/1/2016,24.56,44.03,35.58,0,252.71,99999,4.21
12/2/2016,12.68,40.27,27.01,0,263.97,99999,2.12
12/3/2016,16.06,49.55,29.77,0,257.38,99999,1.46
12/4/2016,17.71,53.37,35.49,0,158.53,99999,1.88
12/5/2016,17.02,47.77,33.05,0,210.43,99999,2.46
12/6/2016,11.46,43.27,27.55,0,241.07,99999,3.17
12/7/2016,11.88,36.85,26.86,0,232.43,19.99,2.6
12/8/2016,19.48,41.66,30.13,0.06,183.66,99999,1.99
12/9/2016,26.72,60.37,44.39,0,218.07,99999,5.23
12/10/2016,37.21,62.94,48.87,0.05,140.47,99999,7.05
12/11/2016,30.68,48.2,36.35,0.02,152.99,99999,1.77
12/12/2016,25.52,57.29,37.79,0,235.02,99999,2.63
12/13/2016,26.83,41.13,33.92,0,72.72,99999,1.47
12/14/2016,22.92,52.01,35.84,0,195.71,99999,2.13
12/15/2016,36.46,65.97,57.1,0.23,74.79,99999,10.55
12/16/2016,25.96,49.71,38.45,0.01,177.66,99999,6.56
12/17/2016,15.54,34.14,24.22,0,249.58,99999,2.2
12/18/2016,10.23,32.63,20.54,0,254.94,99999,2.05
12/19/2016,9.63,36.01,21.64,0,207.59,99999,1.8
12/20/2016,15.22,71.61,29.47,0,228.61,99999,2.05
12/21/2016,30.59,37.2,33.81,0.06,61.23,31.22,2.05
12/22/2016,21.2,39.88,31.55,0,110.11,25.44,1.73
12/23/2016,20.1,49.8,33.84,0.13,116.25,29.17,4.64
12/24/2016,23.1,38.25,31.8,0,133.69,21.79,5.77
12/25/2016,14.46,34.74,23.67,0,247.56,15.49,1.55
12/26/2016,9.57,32.75,20.94,0,243.46,13.96,2.47
12/27/2016,15.08,41.87,26.5,0,178.75,18.18,1.79
12/28/2016,16.18,47.65,30.33,0,247.58,22.02,1.68
12/29/2016,17.78,43.38,28.58,0,248.63,22.6,1.74
12/30/2016,14.77,51.83,30.35,0,258.69,23.75,2.1
12/31/2016,17.71,40.99,27.52,0,235.33,21.41,2.27
1/1/2017,15.51,51.55,31.94,0,258.22,17.42,4.8
1/2/2017,17.51,41.54,31.09,0,249.98,19.57,3.4
1/3/2017,14.09,46.93,32.43,0,244.28,20.09,4.11
1/4/2017,26.63,49.98,40.76,0.09,111.78,34.94,7.53
1/5/2017,-5.64,27.12,17.55,0,142.41,15.01,4.79
1/6/2017,-7.77,17.09,6.15,0.14,233.52,2.4,0.76
1/7/2017,12.59,32.39,21.4,0.01,204.42,16.2,1.79
1/8/2017,24.96,50.57,39.87,0.28,77.85,35.83,7.62
1/9/2017,37.17,50.17,43.54,0.32,200.41,33.73,8.37
1/10/2017,34.22,54.52,44.41,0.27,141.25,31.74,8.01
1/11/2017,32.95,48.22,39.71,0.03,179.15,30.2,5.48
1/12/2017,29.57,34.93,32.27,0.24,85.97,30.62,4.18
1/13/2017,28.31,36.99,32.21,0,202.77,26.1,3.08
1/14/2017,30.58,35.07,33.18,0,54.4,28.37,1.63
1/15/2017,30.15,32.79,31.35,0,36.02,26.61,2.05
1/16/2017,28.42,36.96,31.41,0,101.82,25.51,1.51
1/17/2017,24.27,37.01,29.74,0,200.63,23.97,2.89
1/18/2017,25.44,41.2,32.86,0.12,62.82,29.87,3.28
1/19/2017,29.15,46.62,38,0.01,204.91,29.84,4.87
1/20/2017,30.19,45.16,36.89,0,151.47,29.77,6.5
1/21/2017,24.45,48.57,36.4,0,266.79,23.46,4.19
1/22/2017,31.73,41.92,36.11,0.2,61.65,32.75,8.38
1/23/2017,23.59,38.3,30.83,0.17,177.83,27.55,1.24
1/24/2017,22.74,39.41,30.28,0,233.76,23.24,3.67
1/25/2017,19.92,39.84,29.01,0,200.17,22.02,1.85
1/26/2017,22.61,39.83,30.74,0.02,172.04,26.03,2.38
1/27/2017,17.91,41.41,28.58,0,308.66,22.68,2.05
1/28/2017,18.77,41.23,29.34,0,297.46,23.3,2.3
1/29/2017,20.67,43.93,29.99,0,293.34,24.4,1.96
1/30/2017,18.95,49.18,32.27,0,303.81,26.82,1.21
1/31/2017,19.37,45.9,31.97,0,142.67,28.36,1.35
2/1/2017,26.66,53.41,37.88,0,212.99,31.97,2.28
2/2/2017,31.03,56.55,43.07,0,270.01,35.64,2.96
2/3/2017,25.95,56.73,42.7,0,157.22,30.03,6.87
2/4/2017,28.34,60.91,45.57,0,287.3,26.1,5.38
2/5/2017,27.9,58.25,43.11,0,196.44,30.07,6.24
2/6/2017,39.09,60.6,50.18,0,253.19,29.98,11.15
2/7/2017,37.3,65.97,52.4,0.03,283.31,38,9.67
2/8/2017,33.09,66.14,49.99,0,167.53,38.23,3.37
2/9/2017,45.16,68.94,55.99,0,177.88,36.25,11.23
2/10/2017,38.62,51.58,46.04,0,137.63,38.99,4.18
2/11/2017,31.66,52.76,41.53,0,345.85,30.87,6.27
2/12/2017,18.73,48.79,33.57,0,381.38,20.31,2.61
2/13/2017,18.92,50.17,33.33,0,377.97,21.11,1.68
2/14/2017,18.38,56.75,35.95,0,385.52,23.12,1.48
2/15/2017,21.81,62.24,41.83,0,304.73,26.42,2.49
2/16/2017,29.65,62.29,50.86,0,356.61,24.68,9.61
2/17/2017,27.6,46.76,38.31,0.01,77.14,32.52,3.07
2/18/2017,34.08,59.06,47.3,0.01,269.07,33.85,4.65
2/19/2017,30.35,62.01,47.92,0,318.8,28.69,6.94
2/20/2017,39.24,49.05,45.73,0.33,76.5,39.66,6.26
2/21/2017,33.92,50.97,43,0.1,227.88,34.72,9.24
2/22/2017,28.59,44.7,36.13,0.01,390.52,21.4,6.57
2/23/2017,24.69,38.85,30.47,0.02,330.65,19.72,6.12
2/24/2017,16.18,41.17,29.6,0,387.79,15.95,2.79
2/25/2017,24.46,41.42,31.38,0,248.77,22.15,2.99
2/26/2017,18.58,51.03,34.52,0,404.84,19.38,4.99
2/27/2017,21.19,44.64,34.41,0,369.71,16.73,5.03
2/28/2017,18.63,46.67,32.61,0,455.51,14.98,3.71
3/1/2017,16.18,51.98,33.69,0,457.89,17.91,2.2
3/2/2017,18.2,59.77,38.03,0,463.48,21.62,1.94
3/3/2017,21.5,62.88,40.83,0,325.9,23.85,2.1
3/4/2017,23.2,64.96,46.31,0,450.08,15.93,10.25
3/5/2017,21.66,46.97,34.89,0,320.67,20.12,12.9
3/6/2017,15.36,49.43,34.08,0,355.52,16.23,6.07
3/7/2017,21.99,52.35,37.32,0,234.24,22.32,2.94
3/8/2017,24.93,65.26,45.11,0,470.63,28.04,2.23
3/9/2017,27.67,70.14,49.61,0,436.56,31.62,2.24
3/10/2017,36.29,66.61,50.02,0,288.36,33.96,1.97
3/11/2017,29.08,73.13,51.86,0,456.06,30.31,3.52
3/12/2017,31.8,70.56,52.31,0,482.43,28.51,2.53
3/13/2017,29.63,76.43,52.46,0,524.3,25.02,1.86
3/14/2017,32.75,78.93,55.56,0,520.82,25.35,2.38
3/15/2017,33.65,75.03,56.5,0,370.27,26.57,5.03
3/16/2017,33.4,74.28,56.5,0,412.35,27.48,4.45
3/17/2017,31.74,79.06,55.91,0,520.31,28.52,2.11
3/18/2017,40.65,75.13,55.67,0,262.03,31.19,4.23
3/19/2017,34.26,70.39,52.6,0,388.56,35.49,2.67
3/20/2017,46.55,72.64,58.91,0,367.58,31.94,4.49
3/21/2017,44.34,63.95,52.53,0.02,199.84,36.62,7.32
3/22/2017,28.76,56.33,44.14,0,361.58,30.26,5
3/23/2017,31.87,59.75,45.81,0,528.42,26.33,4.39
3/24/2017,32.93,64.35,47.75,0,218.25,29.47,5.06
3/25/2017,34.49,60.08,47.82,0,425.67,29.88,3.16
3/26/2017,26.87,62.11,44.74,0,348.04,29.05,3.79
3/27/2017,33.08,54.65,45.22,0,448.58,27.7,6.88
3/28/2017,22.71,58.54,42.14,0,580.43,23.48,3.28
3/29/2017,27.38,70.62,49.83,0,533.82,29.22,2.37
3/30/2017,33.08,56.13,43.21,0.05,227.56,32.5,10.18
3/31/2017,34.96,56.86,44.22,0,423.69,27.1,7.85
4/1/2017,25.77,64.89,46.18,0,585.6,28.78,2.38
4/2/2017,31.95,68.87,49.92,0,518.18,26.18,3.84
4/3/2017,32.24,61.03,47.79,0,610.24,14.98,5.36
4/4/2017,26.38,66.97,48.55,0,547.25,18.65,2.89
4/5/2017,34.02,76.04,57.05,0,445.95,25.76,5.32
4/6/2017,38.23,74.31,57.81,0,392.08,30.85,7.25
4/7/2017,41.29,62.27,52.56,0,464.4,34.99,14.9
4/8/2017,29.04,51.21,43.3,0,545.48,25.04,11.34
4/9/2017,21,58.18,41.75,0,629.24,18.41,3.98
4/10/2017,30.73,63.17,48.79,0,624.1,21.85,3.75
4/11/2017,38.28,68.51,51.74,0,432.76,30.03,5.97
4/12/2017,32.98,76.23,56.61,0,639.26,27.69,7.86
4/13/2017,32.59,61.11,49.27,0,411.7,27.4,12.94
4/14/2017,25.21,56.4,42.46,0,664.19,17.2,4.04
4/15/2017,24.31,63.31,45.54,0,556.6,19.45,2.73
4/16/2017,34.15,73.99,54.58,0,424.68,27.09,5.22
4/17/2017,39.94,67.67,55.28,0.05,351.09,38.22,4.6
4/18/2017,42.28,56.9,48.25,0.29,309.28,43.36,4.37
4/19/2017,31.89,67.37,50.58,0,658.35,30.41,5.74
4/20/2017,41.56,61.22,51.26,0,631.56,26.1,6.01
4/21/2017,29.68,63.91,48.48,0,681.72,26,2.98
4/22/2017,31.58,75.63,55.89,0,455.85,31.15,3.59
4/23/2017,39.13,72.56,55.71,0,614.89,26.36,6.08
4/24/2017,46.12,61.61,52.67,0,364.67,29.47,8.2
4/25/2017,40.74,62.74,51.84,0,599.67,27.58,4.33
4/26/2017,49.62,72.61,57.76,0,409.71,37.2,9.17
4/27/2017,43.25,60.85,52.28,0,640.8,24.25,9.33
4/28/2017,31.56,55.01,45.35,0,615.26,20.4,7.29
4/29/2017,24.85,64.86,46.83,0,716.86,19.05,2.36
4/30/2017,30.18,76.41,56.85,0,717.09,26.58,4.58
5/1/2017,37.66,73.83,58.95,0,725.31,26.59,3.46
5/2/2017,42.07,76.18,61.43,0,692.23,36.23,3.96
5/3/2017,38.69,81.3,63.82,0,728.73,36.4,2.84
5/4/2017,44.68,89.2,68.81,0,701.36,40.74,3.31
5/5/2017,53.84,81.9,68.38,0,477.92,42.67,4.88
5/6/2017,50.69,67.78,58.61,0,451.19,36.49,9.51
5/7/2017,46.36,69.61,56,0.02,544.54,41.12,6.9
5/8/2017,43.79,72.48,57.74,0,738.23,29.99,4.66
5/9/2017,36.15,77.75,59.34,0,750.89,26.43,3
5/10/2017,41.36,85.9,65.63,0,716.35,33.06,3.44
5/11/2017,45.17,86.7,67.57,0,718.92,32.7,8.11
5/12/2017,45.11,65.81,57.33,0,379.6,21.95,10.53
5/13/2017,34.2,61.97,49.1,0,757.48,19.89,4.63
5/14/2017,31.13,65.69,51.33,0,657.4,22.63,5.66
5/15/2017,44.21,65.74,53.81,0,571.8,32.44,5.88
5/16/2017,38.96,60.88,52.1,0,257.49,34.43,8.06
5/17/2017,34.87,59.13,48.76,0.07,719.99,28.77,6.52
5/18/2017,36.16,65.44,52,0,745.95,30.86,4.48
5/19/2017,33.78,74.05,56.33,0,763.99,32.35,2.28
5/20/2017,41.28,83.4,65.52,0,753.19,31.89,4.06
5/21/2017,48.88,82.1,67.52,0,762.63,33.37,4.76
5/22/2017,42.53,84.9,67.3,0,767.83,33.86,3.11
5/23/2017,45.86,90.4,70.82,0,764.64,34.2,3.24
5/24/2017,52.01,89.2,72.94,0,765.3,32.06,7.87
5/25/2017,52.25,82.3,66.87,0,776.64,28.35,6.46
5/26/2017,47.13,75.92,63.14,0,768.85,31.21,5.06
5/27/2017,42.92,79.83,64.22,0,792.33,29.32,3.14
5/28/2017,41.44,86,67.21,0,785.07,28.21,2.37
5/29/2017,43.58,89.8,70.07,0,728.61,29.63,2.89
5/30/2017,50.54,91.5,72.75,0,707.14,34.32,4.64
5/31/2017,53.25,77.16,66.83,0,444.51,37.07,6.74
6/1/2017,47.01,81.2,65.66,0,767.51,38.51,4.52
6/2/2017,50.9,89.2,71.23,0,776.01,37.4,3.35
6/3/2017,50.78,91.4,73.83,0,593.89,37.44,3.52
6/4/2017,48.02,90.6,72.19,0,754.98,33.29,7.33
6/5/2017,46.43,86.3,68.28,0,748.37,27.41,3.6
6/6/2017,50.11,92.3,73.41,0,743.69,31.22,3.66
6/7/2017,48.64,91.5,72.77,0,677.36,27.94,5.43
6/8/2017,56.86,80.6,69.53,0,655.93,35.01,10.26
6/9/2017,52.74,74.71,62.63,0,695.67,39.88,8.31
6/10/2017,45.11,77.16,61.22,0,796.49,29.29,7.46
6/11/2017,40.96,60.02,49.44,0.1,398.76,33.08,6.28
6/12/2017,40.15,60.88,48.88,0.24,413.22,36.8,11.5
6/13/2017,36.29,74.1,56.32,0,790.94,37.09,2.98
6/14/2017,42.22,84.6,65.8,0,793.03,38.48,2.57
6/15/2017,46.88,88,71.33,0,769.15,37.89,3.63
6/16/2017,54.28,92.3,75.78,0,745.19,48.1,4.21
6/17/2017,60.77,90.8,78.25,0,761.22,50.79,4.83
6/18/2017,57.83,92.2,78.71,0,742.91,48.07,4.83
6/19/2017,60.3,99.3,79.62,0,571.38,47.98,3.62
6/20/2017,59.86,103.8,81.44,0.13,703.89,46.91,3.89
6/21/2017,62.31,97,81.43,0,753.45,49.52,6.05
6/22/2017,65.27,92.1,79.31,0,742.23,33.8,6.39
6/23/2017,51.1,93.2,77.27,0,772.62,33.4,3.83
6/24/2017,54.41,96.4,78.27,0,790.19,37.97,3.01
6/25/2017,59.42,100,81.52,0,737.6,37.23,3.56
6/26/2017,62.49,91.6,79.2,0,771.76,41.76,7.59
6/27/2017,49.92,89.8,73.58,0,804.51,33.27,4.68
6/28/2017,57.99,88.9,75.35,0,739.78,34.67,5.67
6/29/2017,56.01,89.4,74.48,0,799.13,36.64,3.37
6/30/2017,51.88,93.1,74.83,0,797.48,33.38,2.98
7/1/2017,55.46,95.9,77.79,0,677.61,37.19,3.07
7/2/2017,61.6,97.8,81.46,0,762.33,42.11,3.53
7/3/2017,64.6,99.3,82.85,0,748.47,42.52,3.76
7/4/2017,60.89,98.8,82.02,0,742.35,42.33,4.45
7/5/2017,57.85,96.3,78.12,0,638.48,41.04,3.8
7/6/2017,62.37,96.6,80.23,0,668.11,45.83,3.71
7/7/2017,60.17,99.9,83.46,0,753.95,45.01,4.39
7/8/2017,63.92,100.8,84.77,0,628.01,47.05,2.81
7/9/2017,61.9,100.5,83.77,0,725.95,42.01,4.82
7/10/2017,58.7,97.5,80.09,0,760.9,36.99,5.06
7/11/2017,51.85,96.1,76.72,0,774.32,36.76,3.93
7/12/2017,53.39,97,79.39,0,765.27,35.81,3.49
7/13/2017,58.03,96.5,78.07,0,604.09,43.21,2.92
7/14/2017,61.75,97.9,81.3,0,705.44,43.46,3.79
7/15/2017,60.16,98.3,81.86,0,731.41,38.06,3.8
7/16/2017,61.02,98.4,81.42,0,642.71,39.28,4.21
7/17/2017,54.8,94.4,78.1,0,770.39,35.8,5.95
7/18/2017,49.43,93.7,74.88,0,756.06,32.52,3.78
7/19/2017,49.43,92.4,73.75,0,642.79,32.01,3
7/20/2017,53.6,93.4,76.27,0,762.62,25.59,3.54
7/21/2017,54.15,96.8,77.74,0,739.22,34.98,3.36
7/22/2017,60,99.7,80.5,0,739.52,36.12,3.24
7/23/2017,58.09,100.8,80.27,0.07,653.1,42.77,3.47
7/24/2017,61.88,95.4,77.78,0.03,436.18,53.3,3.28
7/25/2017,57.5,88,73.85,0,639.66,56,3.72
7/26/2017,57.8,89.4,75.26,0,684.48,52.05,3.51
7/27/2017,57.86,92.4,75.67,0,720.92,45.91,2.6
7/28/2017,55.6,96.6,77.45,0,663.79,44.06,2.74
7/29/2017,59.21,96.9,78.24,0.02,610.14,45.88,3.15
7/30/2017,56.45,97.3,77.99,0,676.27,46.52,2.43
7/31/2017,58.35,100,80.05,0,697.43,47.18,2.22
8/1/2017,61.83,102.6,81.2,0,598.8,46.48,2.16
8/2/2017,61.7,104.2,84.58,0,639.52,43.38,3.38
8/3/2017,62.33,104.1,83.63,0,613.04,46.89,3.95
8/4/2017,70.52,97.2,83.83,0,450.9,47.31,4.75
8/5/2017,62.39,95.8,79.23,0,593.79,45.62,5.73
8/6/2017,58.52,87.4,73.37,0,571.16,51.58,3.95
8/7/2017,52.01,90.3,70.84,0.11,664.89,50.49,2.99
8/8/2017,54.71,91.6,73.22,0.04,672.85,52.56,2.07
8/9/2017,57.99,90.1,74.79,0,552.18,50.27,4
8/10/2017,53.85,91.1,73.47,0,678.88,48.6,2.53
8/11/2017,57.13,91.4,76.63,0,679.83,46.34,3.36
8/12/2017,55.79,90.6,75.5,0,678.79,43.33,3.95
8/13/2017,52.86,92.1,74.97,0,668.68,39.58,4.21
8/14/2017,52.73,82.3,68.72,0,488,42.77,3.49
8/15/2017,50.32,88.8,71.24,0,659.29,45.7,1.94
8/16/2017,62.03,90.1,75.28,0,498.67,47.73,2.58
8/17/2017,51.51,92.7,74.54,0,655.81,41.97,2.47
8/18/2017,52.62,94.6,74.55,0,668.09,42.29,2.01
8/19/2017,56.87,95.6,76.13,0,578.84,43.13,3.72
8/20/2017,60.19,92,75.68,0,637.28,43.24,3.03
8/21/2017,54.12,93.5,75.78,0,569.18,42.25,3.31
8/22/2017,64.09,89.6,75.48,0,443.05,48.86,3.97
8/23/2017,54.65,88.9,72.69,0,628.78,48.15,2.19
8/24/2017,55.44,91.4,75.07,0,617.19,45.41,2.7
8/25/2017,54.16,93.6,75.26,0,632.88,45.58,2.3
8/26/2017,57.49,95.6,77.32,0,627.84,46.75,2.18
8/27/2017,57.3,99.1,80.61,0,623.14,45.57,2.46
8/28/2017,56.62,97.8,79.93,0,589.45,44.49,2.64
8/29/2017,59.33,93.8,75.77,0,385.1,49,2.38
8/30/2017,57.95,90.4,73.65,0,416.67,51.73,4.59
8/31/2017,55.38,91.3,74.05,0,600.08,44.96,2.42
9/1/2017,51.92,93.2,71.96,0,592.98,42.22,2.06
9/2/2017,51.21,97.6,73.97,0,583.83,44.97,1.51
9/3/2017,53.85,99.1,78.1,0,562.44,46.79,2.01
9/4/2017,59.39,96.4,77.21,0.02,525.13,52.21,2.24
9/5/2017,55.5,96.3,77.21,0,500.49,49.8,3.48
9/6/2017,61.28,89.9,75.88,0,383.99,52.97,2.66
9/7/2017,56.41,89.6,72.04,0,572.04,50.34,3.19
9/8/2017,53.91,86.3,69.31,0,542.99,46.83,3.57
9/9/2017,49.58,83.5,67.07,0,577.02,47.2,1.96
9/10/2017,49.65,87.7,70.38,0,562.38,46.23,2.61
9/11/2017,53.36,92,73.61,0.02,493.6,48.14,2.84
9/12/2017,56.52,87.5,71.05,0.17,486.64,55.31,3.59
9/13/2017,52.93,85.2,68.52,0,547.62,52.26,3.75
9/14/2017,52.75,82.8,67.48,0,458.05,46.96,4.92
9/15/2017,43.33,71.19,59.41,0,513.5,39.9,3.71
9/16/2017,34.51,70.72,55.11,0,458.45,32.58,2.09
9/17/2017,39.78,81.1,60.89,0,546.13,35.24,1.95
9/18/2017,40.01,80,61.82,0,462.76,38.56,7.29
9/19/2017,45.63,68.23,57.14,0,539.64,35.94,3.9
9/20/2017,40.07,76.12,56.95,0.01,361.96,38.27,5.87
9/21/2017,37.63,56.61,47.78,0.04,320.55,38.53,5.52
9/22/2017,33.12,56.07,43.07,0.02,344.76,34,2.44
9/23/2017,27.38,59.58,43.77,0,529.57,28.58,2.48
9/24/2017,28.48,64.16,46.47,0,477.01,29.56,2.08
9/25/2017,32.28,68.64,50.09,0,478.88,30.99,1.94
9/26/2017,33.53,69.98,52.85,0,476.32,32.54,3.22
9/27/2017,33.66,72.93,53.27,0,479.11,32.87,2.21
9/28/2017,35.33,76.71,55.23,0,474.63,32.28,1.8
9/29/2017,38.99,79.16,59.04,0,362.15,33.09,2.68
9/30/2017,42.02,74.38,60.81,0,460.19,33.3,4.39
10/1/2017,37.92,63.9,52.54,0,453.84,27.8,5.51
10/2/2017,28.75,58.84,46.97,0,461.05,22.18,3.89
10/3/2017,40.03,61.27,49.69,0,360.41,26.71,7.64
10/4/2017,32.63,65.38,49.57,0,418.64,27.55,2.7
10/5/2017,30.37,68.3,48.59,0,413.15,26.87,1.82
10/6/2017,29.03,73.48,51.27,0,410.88,27.4,1.59
10/7/2017,33.55,83.1,58.61,0,403.83,28.55,2.49
10/8/2017,39.52,60.14,50.82,0,403.51,25.49,6.84
10/9/2017,26.63,62.28,44.58,0,405.13,20.74,2.58
10/10/2017,23.14,72.74,47.24,0,379.34,19.69,2.61
10/11/2017,31.72,71.19,50.52,0,306.67,21.79,4.17
10/12/2017,22.57,58.36,41.38,0,387.12,19.53,2.02
10/13/2017,23.77,67.79,44.73,0,380.91,22.44,2.34
10/14/2017,28.09,57.2,42.75,0,382.71,25.11,3.09
10/15/2017,21.56,63.87,41.88,0,355.72,19.12,1.57
10/16/2017,25.49,72.01,45.97,0,343.26,23.83,1.28
10/17/2017,29.4,74.31,48.64,0,311.43,25.48,1.38
10/18/2017,29.03,78.12,51.52,0,365.38,23.15,1.83
10/19/2017,30.49,78.01,55.29,0,353.07,25.64,3.3
10/20/2017,33.58,62.41,49.07,0,326.38,26.25,8.19
10/21/2017,24.24,64.5,44,0,345.3,28.75,2.55
10/22/2017,27.86,76.84,52.01,0,343.46,29.03,2.33
10/23/2017,36.72,71.95,55.33,0,328.81,37.48,3.54
10/24/2017,35.12,70.92,51.65,0,332.43,36.3,1.73
10/25/2017,33.3,73.75,51.66,0,321.23,35.62,1.55
10/26/2017,32.32,73.43,51.52,0,326.89,32.37,1.99
10/27/2017,32.81,71.94,50.95,0,319,32.97,1.79
10/28/2017,32.94,73.87,51.63,0,311.58,34.62,1.33
10/29/2017,34.96,77.22,53.55,0,309.14,34.61,1.44
10/30/2017,37.04,67.96,51.38,0,245.4,32.99,3.65
10/31/2017,29.8,60.69,45.52,0,299.66,27.65,2.54
11/1/2017,28.18,72.37,47.93,0,295.33,28.47,1.98
11/2/2017,33.07,71.06,52.76,0,286.46,29.61,2.75
11/3/2017,38.1,64.89,50.63,0,247.99,31.97,4.08
11/4/2017,39.34,63.39,49.57,0,177.37,32.11,4.34
11/5/2017,25.15,61.5,42.93,0,287.61,25.89,3.68
11/6/2017,21.5,54.61,37.99,0,284.21,24.07,2.55
11/7/2017,18.98,51.06,34.69,0,278.75,21.41,2.08
11/8/2017,23.09,54.16,38.56,0,175.84,22.29,2.68
11/9/2017,30.75,64.3,51.04,0,220.37,30.17,4.63
11/10/2017,35,62.11,47.36,0,216.34,31.34,3.05
11/11/2017,24.3,60.66,41.6,0,271.24,29.08,1.8
11/12/2017,23.71,63.52,40.63,0,264.21,26.02,1.66
11/13/2017,22.92,66.58,45.81,0,256,27.69,4.48
11/14/2017,34.45,58.98,48.46,0,255.58,30.4,3.87
11/15/2017,32.64,64.16,49.87,0,128.16,33.27,5.77
11/16/2017,44.8,57.53,50.32,0.24,136.51,43.9,6.68
11/17/2017,25.09,48.13,39.59,0.01,234.65,29.01,4.74
11/18/2017,21.08,49.25,33.3,0,267.37,23.21,2.27
11/19/2017,20.41,49.82,35.03,0,212.89,25.45,1.12
11/20/2017,36.82,63.44,48.45,0,117.36,33.99,1.91
11/21/2017,39.95,70.47,52.78,0,209.4,40.01,2.04
11/22/2017,34.16,67.79,50.54,0,227.55,40.09,1.57
11/23/2017,36.96,74.21,54.35,0,228.21,37.98,2.07
11/24/2017,45.41,66.24,54.41,0,227.12,36.18,2.66
11/25/2017,35.92,65.42,48.74,0,192.19,33.73,1.69
11/26/2017,34.66,74.89,53.94,0,158.32,31.78,8.62
11/27/2017,28.65,53.51,43.67,0.02,196.25,31.34,5.75
11/28/2017,21.56,54.35,36.08,0,243.12,26.87,1.92
11/29/2017,22.85,50.16,35.87,0,235.82,26.58,3.01
11/30/2017,20.41,52.44,35.45,0,229.41,26.15,1.46
12/1/2017,22,54.75,36.04,0,211.46,27.37,1.39
12/2/2017,22.31,55.32,35.72,0,183.69,26.28,1.39
12/3/2017,18.67,52.76,38.82,0,246.02,20.22,8.69
12/4/2017,12.31,38.6,25.27,0,235.76,14.65,3.17
12/5/2017,10.97,39.91,23.96,0,234.72,13.9,1.34
12/6/2017,12.88,40.58,24.39,0,233.87,14.92,1.46
12/7/2017,10.86,43.75,25.06,0,231.43,15.78,1.09
12/8/2017,11.83,44.58,26.04,0,230.09,16.42,1.17
12/9/2017,12.83,45.17,25.97,0,228.87,16.27,1.13
12/10/2017,11.41,43.15,25.68,0,223.57,16.47,1.28
12/11/2017,9.62,45.56,24.58,0,224.12,15.72,0.96
12/12/2017,9.57,42.85,23.7,0,228.57,15.38,1.1
12/13/2017,8.22,44.7,23.36,0,208.22,15.16,1.13
12/14/2017,13.56,46.08,26.46,0,214.44,16.89,1.1
12/15/2017,12.51,44.7,29.16,0,157.15,18.08,1.91
12/16/2017,21.88,41.07,33.41,0.01,148.59,21.77,7.22
12/17/2017,11.58,40.03,24.77,0,221.98,15.47,1.82
12/18/2017,14.6,45.74,26.95,0.01,209.23,16.43,1.47
12/19/2017,14.23,52.79,29.96,0,101.57,17.91,2.42
12/20/2017,21,53.82,35.21,0,162.9,19.82,6.94
12/21/2017,11.64,35.76,22.39,0,223.81,14.98,2.16
12/22/2017,8.95,33.32,24.13,0,100.27,17.29,1.61
12/23/2017,29.35,50.91,35.9,0,150.96,24.02,2.02
12/24/2017,28.88,41.32,35.06,0,85.14,23.51,1.73
12/25/2017,23.96,56.71,36.87,0,202.37,26.43,1.33
12/26/2017,18.38,55.94,34.13,0,226.07,25.46,1.32
12/27/2017,18.02,51.84,31.2,0,202.35,22.77,1.33
12/28/2017,16.37,55.33,31.98,0,218.49,19.28,1.24
12/29/2017,22.19,45.37,31.98,0,92.03,21.17,0.93
12/30/2017,26.24,51.16,36.34,0,111.56,20.9,2.08
12/31/2017,19.79,49.43,34.07,0,194.38,20.69,1.71
1/1/2018,21.94,56.93,37,0,226.2,22,1.44
